<?xml version="1.0" encoding="UTF-8"?>
 <metadata>
  <reference_codes><![CDATA[]]></reference_codes>
  <title><![CDATA[]]></title>
  <dates_of_creation_of_the_material_in_the_unit_of_description><![CDATA[08/07/2021]]></dates_of_creation_of_the_material_in_the_unit_of_description>
  <level_of_description><![CDATA[fonds]]></level_of_description>
  <extent_of_the_unit_of_description><![CDATA[]]></extent_of_the_unit_of_description>
  <name_of_creator><![CDATA[]]></name_of_creator>
  <administrative_biographical_history><![CDATA[]]></administrative_biographical_history>
  <dates_of_accumulation_of_the_unit_of_description><![CDATA[08/07/2021]]></dates_of_accumulation_of_the_unit_of_description>
  <custodial_history><![CDATA[]]></custodial_history>
  <immediate_source_of_acquisition><![CDATA[]]></immediate_source_of_acquisition>
  <scope_and_content_abstract><![CDATA[]]></scope_and_content_abstract>
  <appraisal_destruction_and_scheduling_information><![CDATA[]]></appraisal_destruction_and_scheduling_information>
  <accruals><![CDATA[]]></accruals>
  <system_of_arrangement><![CDATA[]]></system_of_arrangement>
  <legal_status><![CDATA[]]></legal_status>
  <access_conditions><![CDATA[]]></access_conditions>
  <copyright_conditions_governing_reproduction><![CDATA[]]></copyright_conditions_governing_reproduction>
  <language_of_material><![CDATA[English]]></language_of_material>
  <physical_characteristics><![CDATA[]]></physical_characteristics>
  <finding_aids><![CDATA[]]></finding_aids>
  <location_of_originals><![CDATA[]]></location_of_originals>
  <existence_of_copies><![CDATA[]]></existence_of_copies>
  <related_units_of_description><![CDATA[]]></related_units_of_description>
  <associated_material><![CDATA[]]></associated_material>
  <publication_note><![CDATA[]]></publication_note>
  <note><![CDATA[]]></note>
 </metadata>
