<?xml version="1.0" encoding="UTF-8"?>
<Condition xmlns="http://hl7.org/fhir">
    <id value="f001"/> 
    <text> <status value="generated"/> <div xmlns="http://www.w3.org/1999/xhtml"><p> <b> Generated Narrative with Details</b> </p> <p> <b> id</b> : f001</p> <p> <b> clinicalStatus</b> : active</p> <p> <b> verificationStatus</b> : confirmed</p> <p> <b> category</b> : diagnosis <span> (Details : {SNOMED CT code '439401001' = 'Diagnosis', given as 'diagnosis'})</span> </p> <p> <b> severity</b> : Moderate <span> (Details : {SNOMED CT code '6736007' = 'Moderate', given as 'Moderate'})</span> </p> <p> <b> code</b> : Heart valve disorder <span> (Details : {SNOMED CT code '368009' = 'Heart valve disorder', given as 'Heart valve disorder'})</span> </p> <p> <b> bodySite</b> : heart structure <span> (Details : {SNOMED CT code '40768004' = 'Left thorax', given as 'Left thorax'})</span> </p> <p> <b> subject</b> : <a> P. van de Heuvel</a> </p> <p> <b> context</b> : <a> Encounter/f001</a> </p> <p> <b> onset</b> : 05/08/2011</p> <p> <b> assertedDate</b> : 05/10/2011</p> <p> <b> asserter</b> : <a> P. van de Heuvel</a> </p> <h3> Evidences</h3> <table> <tr> <td> -</td> <td> <b> Code</b> </td> </tr> <tr> <td> *</td> <td> Cardiac chest pain <span> (Details : {SNOMED CT code '426396005' = 'Cardiac chest pain', given as 'Cardiac chest
        pain'})</span> </td> </tr> </table> </div> </text> <clinicalStatus value="active"/> 
    <verificationStatus value="confirmed"/> 
    <category> 
        <coding> 
            <system value="http://snomed.info/sct"/> 
            <code value="439401001"/> 
            <display value="diagnosis"/> 
        </coding> 
    </category> 
    <severity> 
        <coding> 
            <system value="http://snomed.info/sct"/> 
            <code value="6736007"/> 
            <display value="Moderate"/> 
        </coding> 
    </severity> 
    <code> 
        <coding> 
            <system value="http://snomed.info/sct"/> 
            <code value="368009"/> 
            <display value="Heart valve disorder"/> 
        </coding> 
    </code> 
    <bodySite> 
        <coding> 
            <system value="http://snomed.info/sct"/> 
            <code value="40768004"/> 
            <display value="Left thorax"/> 
        </coding> 
        <text value="heart structure"/> 
    </bodySite> 
    <subject> 
        <reference value="Patient/f001"/> 
        <display value="P. van de Heuvel"/> 
    </subject> 
    <context> 
        <reference value="Encounter/f001"/> 
    </context> 
    <onsetDateTime value="2011-08-05"/> 
    <assertedDate value="2011-10-05"/> 
    <asserter> 
        <reference value="Patient/f001"/> 
        <display value="P. van de Heuvel"/> 
    </asserter> 
    <evidence> 
        <code> 
            <coding> 
                <system value="http://snomed.info/sct"/> 
                <code value="426396005"/> 
                <display value="Cardiac chest pain"/> 
            </coding> 
        </code> 
    </evidence> 
</Condition> 
