<?xml version="1.0" encoding="UTF-8"?>
<Patientinformation xmlns="http://hl7.org/fhir">
    <Patient1>
        <id value="pat1"/> 
        <text> 
            <status value="generated"/> 
            <div xmlns="http://www.w3.org/1999/xhtml">
                
                <p> Patient Simon Notsowell @ Acme Healthcare, Inc. MR = 123457, DECEASED</p> 
                
            </div> 
        </text> 
        <identifier> 
            <use value="usual"/> 
            <type> 
                <coding> 
                    <system value="http://terminology.hl7.org/CodeSystem/v2-0203"/> 
                    <code value="MR"/> 
                </coding> 
            </type> 
            <system value="urn:oid:0.1.2.3.4.5.6.7"/> 
            <value value="123457"/> 
        </identifier> 
        <active value="true"/> 
        <name> 
            <use value="official"/> 
            <family value="Notsowell"/> 
            <given value="Simon"/> 
        </name> 
        <gender value="male"/> 
        <birthDate value="1982-01-23"/> 
        <deceasedDateTime value="2015-02-14T13:42:00+10:00"/> 
        <managingOrganization> 
            <reference value="Organization/1"/> 
            <display value="ACME Healthcare, Inc"/> 
        </managingOrganization> 
    </Patient1> 
    <Patient2>
        <id value="pat2"/> 
        <text> 
            <status value="generated"/> 
            <div xmlns="http://www.w3.org/1999/xhtml">
                
                <p> Patient Barbara Poorly @ Acme Healthcare, Inc. MR = 234578, DECEASED</p> 
                
            </div> 
        </text> 
        <identifier> 
            <use value="usual"/> 
            <type> 
                <coding> 
                    <system value="http://terminology.hl7.org/CodeSystem/v2-0203"/> 
                    <code value="MR"/> 
                </coding> 
            </type> 
            <system value="urn:oid:1.2.3.4.5.6.7.8"/> 
            <value value="1234578"/> 
        </identifier> 
        <active value="true"/> 
        <name> 
            <use value="official"/> 
            <family value="Poorly"/> 
            <given value="Barbara"/> 
        </name> 
        <gender value="female"/> 
        <birthDate value="1985-03-18"/> 
        <deceasedDateTime value="2015-02-14T13:42:00+10:00"/> 
        <managingOrganization> 
            <reference value="Organization/1"/> 
            <display value="ACME Healthcare, Inc"/> 
        </managingOrganization> 
    </Patient2> 
    <Patient3>
        <id value="pat3"/> 
        <text> 
            <status value="generated"/> 
            <div xmlns="http://www.w3.org/1999/xhtml">
                
                <p> Patient Brad Parrot @ Acme Healthcare, Inc. MR = 123457, DECEASED</p> 
                
            </div> 
        </text> 
        <identifier> 
            <use value="usual"/> 
            <type> 
                <coding> 
                    <system value="http://terminology.hl7.org/CodeSystem/v2-0203"/> 
                    <code value="MR"/> 
                </coding> 
            </type> 
            <system value="urn:oid:2.3.4.5.6.7.8.9"/> 
            <value value="2345789"/> 
        </identifier> 
        <active value="true"/> 
        <name> 
            <use value="official"/> 
            <family value="Parrot"/> 
            <given value="Brad"/> 
        </name> 
        <gender value="male"/> 
        <birthDate value="1963-01-12"/> 
        <deceasedDateTime value="2015-02-14T13:42:00+10:00"/> 
        <managingOrganization> 
            <reference value="Organization/1"/> 
            <display value="ACME Healthcare, Inc"/> 
        </managingOrganization> 
    </Patient3> 
</Patientinformation>