﻿<?xml version="1.0" encoding="utf-8"?>
<mets:mets xmlns:xsi="http://www.w3.org/2001/XMLSchema-instance" xmlns:mets="http://www.loc.gov/METS/" xmlns:csip="https://DILCIS.eu/XML/METS/CSIPExtensionMETS" xmlns:sip="https://DILCIS.eu/XML/METS/SIPExtensionMETS" xmlns:xlink="http://www.w3.org/1999/xlink" xsi:schemaLocation="http://www.loc.gov/METS_Profile/v2 http://www.loc.gov/standards/mets/profile_docs/mets.profile.v2-0.xsd http://www.loc.gov/METS/ http://www.loc.gov/standards/mets/mets.xsd http://www.w3.org/1999/xlink http://www.loc.gov/standards/mets/xlink.xsd" TYPE="OTHER" csip:OTHERTYPE="Patient Medical Records" csip:CONTENTINFORMATIONTYPE="citshpj_v2_0" OBJID="eHealth1_example_SIP_edd2d8e7-9d0b-4bd8-85c2-984aa2208ae0" PROFILE="https://earkehealth1.dilcis.eu/profile/E-ARK-eHealth1-ROOT_v2.0.1.xml">
  <mets:metsHdr CREATEDATE="2024-08-15T08:31:48" LASTMODDATE="2024-08-15T08:31:48" RECORDSTATUS="NEW" csip:OAISPACKAGETYPE="SIP">
    <mets:agent ROLE="CREATOR" TYPE="OTHER" OTHERTYPE="SOFTWARE">
      <mets:name>Penwern Curate eHealth</mets:name>
      <mets:note csip:NOTETYPE="SOFTWARE VERSION">v4.0.1</mets:note>
    </mets:agent>
    <mets:agent ROLE="CREATOR" TYPE="ORGANIZATION">
      <mets:name>INSERT PRODUCER ORGANISATION NAME</mets:name>
      <mets:note csip:NOTETYPE="IDENTIFICATION CODE">ID: 12345</mets:note>
    </mets:agent>
    <mets:agent ROLE="CREATOR" TYPE="ORGANIZATION">
      <mets:name>Skane University Hospital</mets:name>
      <mets:note csip:NOTETYPE="IDENTIFICATIONCODE" xmlns:csip="https://DILCIS.eu/XML/METS/CSIPExtensionMETS">ID:89101112 </mets:note>
    </mets:agent>
    <mets:agent ROLE="OTHER" OTHERROLE="SUBMITTER" TYPE="INDIVIDUAL">
      <mets:name>Sven Svensson</mets:name>
      <mets:note csip:NOTETYPE="IDENTIFICATIONCODE">ID:4569865123</mets:note>
    </mets:agent>
    <mets:agent ROLE="CREATOR" TYPE="INDIVIDUAL">
      <mets:name>Sven Svensson</mets:name>
      <mets:note>Phone: 08-123456, Email: sven.svensson@mail.mail</mets:note>
    </mets:agent>
    <mets:altRecordID TYPE="SUBMISSIONAGREEMENT">documentation/submissionagreement.pdf</mets:altRecordID>
    <mets:altRecordID TYPE="REFERENCECODE">FM-12-2387/12726,2007-09-19</mets:altRecordID>
  </mets:metsHdr>
  <mets:dmdSec ID="dmdSec-1200bb7b-d77e-4579-b0e0-268d338fbba2" CREATED="2024-08-15T08:31:48" STATUS="CURRENT">
    <mets:mdRef LOCTYPE="URL" xlink:type="simple" xlink:href="metadata/descriptive/patients.xml" MDTYPE="OTHER" MIMETYPE="application/xml" SIZE="4" CREATED="2021-07-08T09:31:48.084888" CHECKSUM="1111ada14052367983d6d3ee656785a63cb6a7e7b1d34a858a36d8236959b0fc" CHECKSUMTYPE="SHA-256" OTHERMDTYPE="FHIR.Patient" />
  </mets:dmdSec>
  <mets:dmdSec ID="dmdSec-0eb0b64d-c37c-4071-a799-148fb4a356d5" CREATED="2024-08-15T08:31:48" STATUS="CURRENT">
    <mets:mdRef LOCTYPE="URL" xlink:type="simple" xlink:href="metadata/descriptive/ead3.xml" MDTYPE="OTHER" MIMETYPE="application/xml" SIZE="2" CREATED="2021-07-08T09:31:48.084888" CHECKSUM="66EEDDF0A22EF57078694B67CA45DF301034556D6CB493531356C4FFE92AB6B1" CHECKSUMTYPE="SHA-256" OTHERMDTYPE="ead3" xmlns:xlink="http://www.w3.org/1999/xlink" />
  </mets:dmdSec>
  <mets:amdSec>
    <mets:digiprovMD ID="amdsec-dc252cb3-cda1-4611-8165-936e37bcd973" STATUS="CURRENT">
      <mets:mdRef LOCTYPE="URL" xlink:href="metadata/preservation/premis0.xml" xlink:type="simple" MDTYPE="PREMIS" MIMETYPE="application/xml" SIZE="6687" CREATED="2024-08-15T14:11:29.309+01:00" CHECKSUM="8160673ab9b387236cc9bac673cac1d02e51e33beca6718a39d7e2f5572ae1bf" CHECKSUMTYPE="SHA-256" xmlns:xlink="http://www.w3.org/1999/xlink" />
    </mets:digiprovMD>
  </mets:amdSec>
  <mets:fileSec ID="fileSec-3c7d8cc2-c595-4a8e-86a0-6a9b878a5c2d">
    <mets:fileGrp ID="group-8d0059e8-4d2f-49ca-b62d-8ec25e231197" USE="Documentation">
      <mets:file ID="file-957f6e31-3cb7-4ffe-a47e-3cfd896ea9c8" CHECKSUM="8160673ab9b387236cc9bac673cac1d02e51e33beca6718a39d7e2f5572ae1bf" CHECKSUMTYPE="SHA-256" MIMETYPE="application/pdf" SIZE="715979" CREATED="2021-07-08T09:31:48.086887">
        <mets:FLocat xlink:href="documentation/submissionagreement.pdf" LOCTYPE="URL" xlink:type="simple" />
      </mets:file>
    </mets:fileGrp>
    <mets:fileGrp ID="group-3359ebfe-e372-4c58-94c5-217ee25594a7" USE="Schemas">
      <mets:file ID="file-cd022776-170e-4bea-9253-b93bd6c9115d" MIMETYPE="text/xsd" SIZE="17072" CREATED="2018-04-24T14:37:49.617+01:00" CHECKSUM="4073D09CA1BAE023D5A7E2010819BF0E8A8EB3C015444D0673733630DE08461C" CHECKSUMTYPE="SHA-256">
        <mets:FLocat LOCTYPE="URL" xlink:type="simple" xlink:href="schemas/patient.xsd" xmlns:xlink="http://www.w3.org/1999/xlink" />
      </mets:file>
      <mets:file ID="file-4dc60947-177c-4a1e-816a-0edd0fb93964" MIMETYPE="application/xml" CREATED="2015-12-04T09:59:45" CHECKSUMTYPE="SHA-256" CHECKSUM="B565CA93CD86950503F233A7906E4DB709088BA42B9D109D4A8D6F183799603F" SIZE="135096">
        <mets:FLocat xlink:href="schemas/mets.xsd" xlink:type="simple" LOCTYPE="URL" xmlns:xlink="http://www.w3.org/1999/xlink" />
      </mets:file>
      <mets:file ID="file-5874000d-0594-48b6-9233-98fae7e90644" MIMETYPE="text/xsd" SIZE="113583" CREATED="2021-04-24T14:37:49.617+01:00" CHECKSUM="4073D09CA1BAE023D5A7E2010819BF0E8A8EB3C015444D0673733630DE08461C" CHECKSUMTYPE="SHA-256">
        <mets:FLocat xmlns:xlink="http://www.w3.org/1999/xlink" LOCTYPE="URL" xlink:type="simple" xlink:href="schemas/ead.xsd" />
      </mets:file>
      <mets:file ID="file-246631d1-8c37-41f4-9d3d-2a8d15b7f81b" MIMETYPE="text/xsd" SIZE="18371" CREATED="2024-08-15T14:37:49.617+01:00" CHECKSUM="4073D09CA1BAE023D5A7E2010819BF0E8A8EB3C015444D0673733630DE08461C" CHECKSUMTYPE="SHA-256">
        <mets:FLocat xmlns:xlink="http://www.w3.org/1999/xlink" LOCTYPE="URL" xlink:type="simple" xlink:href="schemas/condition.xsd" />
      </mets:file>
    </mets:fileGrp>
    <mets:fileGrp USE="Representations" ID="group-d33edcc6-6b07-45c1-b240-d8b402d0eb4e" csip:CONTENTINFORMATIONTYPE="citshpj_v2_0">
      <mets:file ID="file-6aac223b-4ff2-4e19-a0b2-b552281b2df9" CHECKSUM="5422e87e46ad480ed23d67f86351bc79e779aa1fd8d55e209c1351efa049591a" CHECKSUMTYPE="SHA-256" MIMETYPE="application/xml" SIZE="4294" CREATED="2024-08-15T09:31:48.347894">
        <mets:FLocat xlink:href="representations/rep1/mets.xml" LOCTYPE="URL" xlink:type="simple" />
      </mets:file>
    </mets:fileGrp>
  </mets:fileSec>
  <mets:structMap ID="structmap-37583180-9dde-4835-9b44-6a41f256ebb0" TYPE="PHYSICAL" LABEL="CSIP">
    <mets:div ID="structmap-a07c3e72-2d5e-4a9f-b846-f4e4401ccb27">
      <mets:div ID="structmap-c5dc8e87-a39b-4e90-af0a-8256cc630953" LABEL="Metadata" DMDID="dmdSec-1200bb7b-d77e-4579-b0e0-268d338fbba2 dmdSec-0eb0b64d-c37c-4071-a799-148fb4a356d5" ADMID="amdsec-dc252cb3-cda1-4611-8165-936e37bcd973" />
      <mets:div ID="structmap-85b11fcb-05f9-4730-8f3a-6481fd3ae77f" LABEL="Documentation">
        <mets:fptr FILEID="group-8d0059e8-4d2f-49ca-b62d-8ec25e231197" />
      </mets:div>
      <mets:div ID="structmap-02765898-3496-4d2a-844e-8866221b2498" LABEL="Representations">
        <mets:div ID="structmap-e0b1d88d-4cdf-4305-818c-10ad6ba54ec3" LABEL="representations/rep1">
          <mets:mptr LOCTYPE="URL" xlink:type="simple" xlink:href="representations/rep1" xlink:title="group-d33edcc6-6b07-45c1-b240-d8b402d0eb4e" />
        </mets:div>
      </mets:div>
      <mets:div ID="structmap-a0e5cfa6-8a2b-4467-897f-205538a04260" LABEL="Schemas">
        <mets:fptr FILEID="group-3359ebfe-e372-4c58-94c5-217ee25594a7" />
      </mets:div>
    </mets:div>
  </mets:structMap>
</mets:mets>