﻿<?xml version="1.0" encoding="utf-8"?>
<mets:mets xmlns:xsi="http://www.w3.org/2001/XMLSchema-instance" xmlns:mets="http://www.loc.gov/METS/" xmlns:csip="https://DILCIS.eu/XML/METS/CSIPExtensionMETS" xmlns:sip="https://DILCIS.eu/XML/METS/SIPExtensionMETS" xmlns:xlink="http://www.w3.org/1999/xlink" xsi:schemaLocation="http://www.loc.gov/METS/ http://www.loc.gov/standards/mets/version1121/mets.xsd http://www.w3.org/1999/xlink http://www.loc.gov/standards/mets/xlink.xsd https://dilcis.eu/XML/METS/CSIPExtensionMETS https://earkcsip.dilcis.eu/schema/DILCISExtensionMETS.xsd https://dilcis.eu/XML/METS/SIPExtensionMETS https://earksip.dilcis.eu/schema/DILCISExtensionSIPMETS.xsd " TYPE="OTHER" csip:OTHERTYPE="Patient Medical Records" csip:CONTENTINFORMATIONTYPE="citshpj_v2_0" OBJID="rep1" PROFILE="https://earkehealth1.dilcis.eu/profile/E-ARK-eHealth1-REPRESENTATION_v2.0.1.xml">
  <mets:metsHdr CREATEDATE="2024-08-15T08:31:48" LASTMODDATE="2024-08-15T08:31:48" RECORDSTATUS="NEW" csip:OAISPACKAGETYPE="SIP">
    <mets:agent ROLE="CREATOR" TYPE="OTHER" OTHERTYPE="SOFTWARE">
      <mets:name>Penwern Curate eHealth</mets:name>
      <mets:note csip:NOTETYPE="SOFTWARE VERSION">v4.0.1</mets:note>
    </mets:agent>
  </mets:metsHdr>
  <mets:dmdSec ID="dmdSec-9b655a49-85ee-4343-89f7-b0caea9fb9a2" CREATED="2024-08-15T08:31:48" STATUS="CURRENT">
    <mets:mdRef xlink:href="metadata/descriptive/Patient1_condition.xml" xlink:type="simple" MDTYPE="OTHER" LOCTYPE="URL" MIMETYPE="application/xml" SIZE="3010" CREATED="2024-08-15T08:31:48" CHECKSUM="9b33fc4648d0c4ff018966035faa4a0598dc6f3236438ec56d3f52f9a7d61bc8" CHECKSUMTYPE="SHA-256" OTHERMDTYPE="FHIR.Patient" />
  </mets:dmdSec>
  <mets:dmdSec ID="dmdSec-9ac21df3-f49e-48e0-8347-230d72b3115c" CREATED="2024-08-15T08:31:48" STATUS="CURRENT">
    <mets:mdRef xlink:href="metadata/descriptive/Patient2_condition.xml" xlink:type="simple" MDTYPE="OTHER" LOCTYPE="URL" MIMETYPE="application/xml" SIZE="1288" CREATED="2024-08-15T08:31:48" CHECKSUM="1451A3C3348596AA8DEE4583F9648366FA22C4911E2BBA8901499DC9B25C05AC" CHECKSUMTYPE="SHA-256" OTHERMDTYPE="FHIR.Patient" xmlns:xlink="http://www.w3.org/1999/xlink" />
  </mets:dmdSec>
  <mets:dmdSec ID="dmdSec-761e462f-706a-495b-bc49-503ea5ca63bd" CREATED="2024-08-15T08:31:48" STATUS="CURRENT">
    <mets:mdRef xlink:href="metadata/descriptive/Patient3_condition.xml" xlink:type="simple" MDTYPE="OTHER" LOCTYPE="URL" MIMETYPE="application/xml" SIZE="3417" CREATED="2024-08-15T08:31:48" CHECKSUM="66EEDDF0A22EF57078694B67CA45DF301034556D6CB493531356C4FFE92AB6B1" CHECKSUMTYPE="SHA-256" OTHERMDTYPE="FHIR.Patient" xmlns:xlink="http://www.w3.org/1999/xlink" />
  </mets:dmdSec>
  <mets:amdSec>
    <mets:digiProvMD ID="amdsec-0dcf80ca-3a9b-4488-9c3f-5ec31032b925" STATUS="CURRENT">
      <mets:mdRef LOCTYPE="URL" xlink:href="metadata/preservation/premis1.xml" xlink:type="simple" MDTYPE="PREMIS" MIMETYPE="application/xml" SIZE="6687" CREATED="2024-08-15T14:11:29.309+01:00" CHECKSUM="66EEDDF0A22EF57078694B67CA45DF301034556D6CB493531356C4FFE92AB6B1" CHECKSUMTYPE="SHA-256" xmlns:xlink="http://www.w3.org/1999/xlink" />
      <mets:mdRef LOCTYPE="URL" xlink:href="metadata/preservation/premis2.xml" xlink:type="simple" MDTYPE="PREMIS" MIMETYPE="application/xml" SIZE="6687" CREATED="2024-08-15T14:11:29.309+01:00" CHECKSUM="f1945cd6c19e56b3c1c78943ef5ec18116907a4ca1efc40a57d48ab1db7adfc5" CHECKSUMTYPE="SHA-256"></mets:mdRef>
      <mets:mdRef LOCTYPE="URL" xlink:href="metadata/preservation/premis3.xml" xlink:type="simple" MDTYPE="PREMIS" MIMETYPE="application/xml" SIZE="6687" CREATED="2024-08-15T14:11:29.309+01:00" CHECKSUM="f393eb0376e649e4ccf0e138fe8bcb105c6863b9464e2ff06989865b1c8fe47a" CHECKSUMTYPE="SHA-256" />
    </mets:digiProvMD>
  </mets:amdSec>
  <mets:fileSec ID="fileSec-6249b9f4-3eac-40b4-a2f0-33ab00a0ebe5">
    <mets:fileGrp USE="data/Patientrecord_1/Patient1Case1/Patient1Case1Document1" ID="group-4f28ff08-1516-457f-aa93-88a854e9706d">
      <mets:file ID="file-e66aaaf9-ba04-43bf-a974-a329085123d5" CHECKSUM="aac992c413f2d1075054b24f7becbcf6b0fd37c201162f5e5eb4adeb7f58221b" CHECKSUMTYPE="SHA-256" MIMETYPE="application/pdf" SIZE="731422" CREATED="2021-07-08 09:31:48.088886">
        <mets:FLocat xlink:href="data/Patient1Case1/Patient1Case1Document1/patient1_record1.pdf" LOCTYPE="URL" xlink:type="simple" />
      </mets:file>
    </mets:fileGrp>
    <mets:fileGrp USE="data/Patientrecord1/Patient1Case2/Patient1Case2Document1" ID="group-16c19061-fe62-4da0-b0b9-da74d0a83fc6">
      <mets:file ID="file-309e5701-0782-435a-b279-c86aab890835" CHECKSUM="89ac6921e3f7b61f5424726bcdf5e469620e894ca9bc633030f8c2e14700ce5b" CHECKSUMTYPE="SHA-256" MIMETYPE="application/pdf" SIZE="1018917" CREATED="2021-07-08 09:31:48.090887">
        <mets:FLocat xlink:href="data/Patient1Case2/Patient1Case2Document1/patient1_record2.pdf" LOCTYPE="URL" xlink:type="simple" />
      </mets:file>
    </mets:fileGrp>
    <mets:fileGrp USE="data/Patientrecord_2/Patient2Case1/Patient2Case1Sub1/Patient2Case1Sub1Document1" ID="group-04ca1891-6900-4fec-bd72-6bdd7295fd7d">
      <mets:file ID="file-66b7288a-d15a-4265-9dfc-546083d3ae1c" CHECKSUM="01ff709f0afc22baa391e02790db367d699c909561c86391c1088fad0b23c2b5" CHECKSUMTYPE="SHA-256" MIMETYPE="application/pdf" SIZE="1033831" CREATED="2021-07-08 09:31:48.093886">
        <mets:FLocat xlink:href="data/Patient2Case1/Patient2Case1Sub1/Patient2Case1Sub1Document1/patient2_record1.pdf" LOCTYPE="URL" xlink:type="simple" xmlns:xlink="http://www.w3.org/1999/xlink" />
      </mets:file>
    </mets:fileGrp>
    <mets:fileGrp USE="data/Patientrecord_2/Patient2Case1/Patient2Case1Sub1/Patient2Case1Sub1Document2" ID="group-c00d7dbe-087c-4d8b-b51b-8284daeae438">
      <mets:file ID="file-0efc8932-f2aa-4f02-923f-ee47b4f2bef5" CHECKSUM="01ff709f0afc22baa391e02790db367d699c909561c86391c1088fad0b23c2b5" CHECKSUMTYPE="SHA-256" MIMETYPE="application/pdf" SIZE="1033831" CREATED="2021-07-08 09:31:48.095886">
        <mets:FLocat xlink:href="data/Patient2Case1/Patient2Case1Sub1/Patient2Case1Sub1Document2/patient2_record2.pdf" LOCTYPE="URL" xlink:type="simple" xmlns:xlink="http://www.w3.org/1999/xlink" />
      </mets:file>
    </mets:fileGrp>
    <mets:fileGrp USE="data/Patientrecord_2/Patient2Case1/Patient2Case1Subcase1/Patient2Case1Subcase1Document1" ID="group-04ca1891-6900-4fec-bd72-6bdd7295fd7d">
      <mets:file ID="file-66b7288a-d15a-4265-9dfc-546083d3ae1c" CHECKSUM="01ff709f0afc22baa391e02790db367d699c909561c86391c1088fad0b23c2b5" CHECKSUMTYPE="SHA-256" MIMETYPE="application/pdf" SIZE="1033831" CREATED="2021-07-08 09:31:48.093886">
        <mets:FLocat xlink:href="data/Patient2Case1/Patient2Case1Subcase1/Patient2Case1Subcase1Document1/patient2_record1.pdf" LOCTYPE="URL" xlink:type="simple" xmlns:xlink="http://www.w3.org/1999/xlink" />
      </mets:file>
    </mets:fileGrp>
    <mets:fileGrp USE="data/Patientrecord_3/Patient3Case1/Patient3Case1Document1" ID="group-a260a91d-392a-4eed-8704-5fbdd51eda46">
      <mets:file ID="file-14132d49-a1ff-44f1-90a8-8c7e23df34dc" CHECKSUM="901bb19fd2980ed252c40a960363d5d19c7a9a76cb032d06c14b20c75ea52770" CHECKSUMTYPE="SHA-256" MIMETYPE="application/pdf" SIZE="453023" CREATED="2021-07-08 09:31:48.097886">
        <mets:FLocat xlink:href="data/Patient3Case1/Patient3Case1Document1/patient3_record1.pdf" LOCTYPE="URL" xlink:type="simple" xmlns:xlink="http://www.w3.org/1999/xlink" />
      </mets:file>
    </mets:fileGrp>
  </mets:fileSec>
  <mets:structMap ID="structmap-6bb9e8be-e924-4f2c-ab85-356b3ca473b2" TYPE="PHYSICAL" LABEL="CSIP">
    <mets:div ID="structmap-80b96b47-969f-4097-8ead-5b2ef7ee9be1">
      <mets:div ID="structmap-0599a9d2-eeaa-4eb3-97c1-aace0f2b52eb" LABEL="Metadata" DMDID="dmdSec-9b655a49-85ee-4343-89f7-b0caea9fb9a2 dmdSec-9ac21df3-f49e-48e0-8347-230d72b3115c dmdSec-9ac21df3-f49e-48e0-8347-230d72b3115c" ADMID="amdsec-dc252cb3-cda1-4611-8165-936e37bcd973" />
      <mets:div ID="structmap-1df8a980-ec70-4598-862e-01694e99ce37" LABEL="DATA">
        <mets:div ID="structmap-7322700b-bee8-4634-aac0-075edffa33c7" LABEL="Patientrecord_1">
          <mets:div ID="structmap-245c1beb-246d-40c2-8d57-b313b7b667a2" LABEL="Patient1Case1">
            <mets:div ID="structmap-0e1d8db1-5e64-4bf7-aef3-0b04bde7dc93" LABEL="Patient1Case1Document1">
              <mets:fptr FILEID="group-4f28ff08-1516-457f-aa93-88a854e9706d" />
            </mets:div>
          </mets:div>
          <mets:div ID="structmap-9b9a6498-442d-4363-95fc-25f77b7c3b1b" LABEL="Patient1Case2">
            <mets:div ID="structmap-7b0a277c-794c-451e-8988-4d2a8828f47c" LABEL="Patient1Case2Document1">
              <mets:fptr FILEID="group-16c19061-fe62-4da0-b0b9-da74d0a83fc6" />
            </mets:div>
          </mets:div>
        </mets:div>
        <mets:div ID="structmap-430a9171-83cb-4532-913b-dd8c219b858d" LABEL="Patientrecord_2">
          <mets:div ID="structmap-172f013e-427c-41da-bbba-1275391e86a4" LABEL="Patient2Case1">
            <mets:div ID="structmap-14f13e6c-7b72-4bed-8e59-e1a2cc130676" LABEL="Patient2Case1Sub1">
              <mets:div ID="structmap-0b1ba84d-780c-4e13-84b8-0f504c04c36d" LABEL="Patient2Case1Sub1Document1">
                <mets:fptr FILEID="group-04ca1891-6900-4fec-bd72-6bdd7295fd7d" />
              </mets:div>
              <mets:div ID="structmap-154ea6ef-5770-42ae-90df-068b496a702c" LABEL="Patient2Case1Sub1Document2">
                <mets:fptr FILEID="group-c00d7dbe-087c-4d8b-b51b-8284daeae438" />
              </mets:div>
            </mets:div>
          </mets:div>
        </mets:div>
        <mets:div ID="structmap-1624bcdf-f6cb-43b1-bd32-789d1901daa6" LABEL="Patientrecord_3">
          <mets:div ID="structmap-5f569620-5bd2-4793-b81b-de0ab530242a" LABEL="Patient3Case1">
            <mets:div ID="structmap-0b1ba84d-780c-4e13-84b8-0f504c04c36d" LABEL="Patient3Case1Document1">
              <mets:fptr FILEID="group-a260a91d-392a-4eed-8704-5fbdd51eda46" />
            </mets:div>
          </mets:div>
        </mets:div>
      </mets:div>
    </mets:div>
  </mets:structMap>
</mets:mets>